embedding-index:v1	797b70c4edf85907fe0a49eb85811256f65fa0f7bf52166b147fd16be2be4662	6bc4f171da778ca33a7f71dc6defb403c3ce298c5ae92cf036bc2d808757c98a	4
shard-000.tsv	8a240bba2cd5a9da76e3fbadc4b9d99c620a5753393d245d81c8981fb8e9c610	4	doc:v1:6a3eecc6dfee2e8d1fccf271596f953ad2e450b868927250484dbf0205ac478c	doc:v1:5602161e28baee5edade9c4914eec329a46cf8a95240c3d129cd766e4c63d1e4
shard-001.tsv	8f0af5972189c418102abb8b14e140f3b87f68604d8570c80b7d8fc64594b0f0	4	doc:v1:1a62fc45bbc7309411a0926f0b6e12aaf36a4098cc3aaff146af4a092c17b2b5	doc:v1:328a3bd6e00a958cee92d190c8e5668d1bf7a9dfd9e72970461f2e1c90941092
shard-002.tsv	2cc7617840be9d702b22c5ec5e430e62927277c9d8922d21c1612fd7b2e2d715	4	doc:v1:7a5e620bde9d6a4ccba2d216181c39fe94ec7b555aeaa9d46d5f3ea73d8fe7e1	doc:v1:e11621d5ebb4c458eee8a2454c2a6188d4acf089bc72540569319590277d35ac
shard-003.tsv	95dc72e6864b5d265a10a736326e9f916ac7d94c2796123ee647aac53d94566a	4	doc:v1:27068e649b235c658d2dc1c9a6d60a88a90c6c49bff8a737952510eaf310ea91	doc:v1:a04937135349947d0359debedc73446b581372d0ffcf8c49e3660418e228916d
shard-004.tsv	d12f13831f1b2684f88f0e061e798323cb89b702a714e0842975ffe1fac1aeb7	4	doc:v1:51cfc35e664e5cf55bb0dc253f865aef33c538ad92a8e29d2ca32e57ff2bc41a	doc:v1:ec8030bc87ae7ab84a1cb7f16c503cb917861fcbf5cebcf3c7f71218b43d2f08
shard-005.tsv	9b15c9baf2658940552b686374e9b735801a1679427ebe184c9da49915e988cd	4	doc:v1:88caade3e36296a1727e743a75214101d39fc31c9dd3a0fd21ca02a7ab658e73	doc:v1:6c1d7e36d03ec445b0d5925b33f90f61720f88a8a787d4e934c9a02e27ddbbd8
shard-006.tsv	4c7457d45afba616a03928224b9f128be33fe129b5553b811a25c5990e38713b	4	doc:v1:ead46ed0f4b9c3c868240f52adab12d0a06e44a8e19ef075290bd15f8ff2714e	doc:v1:ff775d99751fcf09896f37ae6eaa260baeaa346db1bf7fcb024a68f5a960e331
shard-007.tsv	5ddad6d1bb8707fddce8c3e2934733ae11a88d1870c410dbc416e93228e46816	4	doc:v1:4c04d5715edcd6071fc95709e7109ac3cc6f820f028e5faf6ab1a8a8c32338ac	doc:v1:9d153840a80ff76bbabb3c06e591f2a70d0d38a2dcea291447d99b1778c48b14
shard-008.tsv	3007ecb5a782d852e94e607d323ae00e8a4682d8ba2e9c3b1f92c287f0230922	4	doc:v1:090ac25bd428334101fecba6d37d4b53966a1ead27bb20838139d9c4fadb4e8d	doc:v1:1389fce3ed9233022716aec80f89f831c7fa6fbd2c879fe2df2ff38ab87d6897
